{
  "label": "coppelia_rrt_star",
  "seed": 1,
  "success": true,
  "termination_reason": "completed",
  "planning_time": 0.4627046585083008,
  "execution_time": 34.76839756965637,
  "replans": 1,
  "num_waypoints": 52,
  "path_length": 12.20559720834606,
  "path_smoothness": 31.887992284359616,
  "clearance": 0.02460006387873137,
  "straight_line_distance": 3.683082172619386,
  "final_goal_error": 0.053811494269867276,
  "start_planner": [
    1.487838644532563,
    2.8972010400086283
  ],
  "goal_planner": [
    4.425,
    0.675
  ],
  "world_bounds": [
    -2.5,
    2.5,
    -2.5,
    2.5
  ],
  "map_size": [
    5.0,
    5.0
  ],
  "obstacle_count": 6,
  "wall_names": [
    "wall_1",
    "wall_2",
    "wall_3",
    "wall_4",
    "wall_5",
    "wall_6"
  ],
  "params": {
    "max_iter": 10000,
    "step_size": 0.25,
    "goal_sample_rate": 0.1,
    "neighbor_radius": 0.8,
    "inflate": 0.18,
    "linear_speed": 0.15,
    "heading_stop_threshold": 0.45,
    "waypoint_tolerance": 0.08,
    "goal_tolerance": 0.1,
    "strict_collision_check": false
  }
}